,pl_name,hostname,default_flag,sy_snum,sy_pnum,discoverymethod,disc_year,disc_facility,soltype,pl_controv_flag,pl_refname,pl_orbper,pl_orbpererr1,pl_orbpererr2,pl_orbperlim,pl_orbsmax,pl_orbsmaxerr1,pl_orbsmaxerr2,pl_orbsmaxlim,pl_rade,pl_radeerr1,pl_radeerr2,pl_radelim,pl_radj,pl_radjerr1,pl_radjerr2,pl_radjlim,pl_bmasse,pl_bmasseerr1,pl_bmasseerr2,pl_bmasselim,pl_bmassj,pl_bmassjerr1,pl_bmassjerr2,pl_bmassjlim,pl_bmassprov,pl_orbeccen,pl_orbeccenerr1,pl_orbeccenerr2,pl_orbeccenlim,pl_insol,pl_insolerr1,pl_insolerr2,pl_insollim,pl_eqt,pl_eqterr1,pl_eqterr2,pl_eqtlim,ttv_flag,st_refname,st_spectype,st_teff,st_tefferr1,st_tefferr2,st_tefflim,st_rad,st_raderr1,st_raderr2,st_radlim,st_mass,st_masserr1,st_masserr2,st_masslim,st_met,st_meterr1,st_meterr2,st_metlim,st_metratio,st_logg,st_loggerr1,st_loggerr2,st_logglim,sy_refname,rastr,ra,decstr,dec,sy_dist,sy_disterr1,sy_disterr2,sy_vmag,sy_vmagerr1,sy_vmagerr2,sy_kmag,sy_kmagerr1,sy_kmagerr2,sy_gaiamag,sy_gaiamagerr1,sy_gaiamagerr2,rowupdate,pl_pubdate,releasedate,rho,Merr,Rerr,srho
397,EPIC 201595106 b,EPIC 201595106,1,1,2,Transit,2021,K2,Published Confirmed,0,<a refstr=LIVINGSTON_ET_AL__2024 href=https://ui.adsabs.harvard.edu/abs/2024NatSR..1427219L/abstract target=ref>Livingston et al. 2024</a>,0.87724,4e-05,-4e-05,0.0,0.0177,0.0003,-0.0003,0.0,1.565,0.079,-0.079,0.0,0.13962019,0.00704792,-0.00704792,0.0,7.67,0.75,-0.75,0.0,0.02413252,0.00235976,-0.00235976,0.0,Mass,0.0,,,0.0,2852.0,107.0,-107.0,0.0,2038.0,39.0,-39.0,0.0,0,<a refstr=LIVINGSTON_ET_AL__2024 href=https://ui.adsabs.harvard.edu/abs/2024NatSR..1427219L/abstract target=ref>Livingston et al. 2024</a>,,5679.0,60.0,-39.0,0.0,0.98,0.025,-0.025,0.0,0.958,0.048,-0.048,0.0,0.01,0.1,-0.1,0.0,[Fe/H],4.435,0.035,-0.035,0.0,<a refstr=STASSUN_ET_AL__2019 href=https://ui.adsabs.harvard.edu/abs/2019AJ....158..138S/abstract target=ref>TICv8</a>,12h14m52.89s,183.7203635,+01d58m05.41s,1.9681688,232.1,2.706,-2.646,11.746,0.069,-0.069,10.218,0.021,-0.021,11.6477,0.000245,-0.000245,2025-01-29,2024-11,2025-01-29,11.025643274978716,0.75,0.079,1.9875233241158736
482,EPIC 220674823 b,EPIC 220674823,1,1,2,Transit,2016,K2,Published Confirmed,0,<a refstr=GUENTHER_ET_AL__2024 href=https://ui.adsabs.harvard.edu/abs/2024MNRAS.529..141G/abstract target=ref>Guenther et al. 2024</a>,0.5713127,5.5e-06,-5.5e-06,0.0,0.01314,0.00032,-0.00034,0.0,1.676,0.037,-0.037,0.0,0.14952296,0.00330092,-0.00330092,0.0,7.8,0.71,-0.7,0.0,0.02454154,0.00223391,-0.00220245,0.0,Mass,0.0,,,0.0,4656.0,300.0,-274.0,0.0,2299.0,36.0,-35.0,0.0,0,<a refstr=GUENTHER_ET_AL__2024 href=https://ui.adsabs.harvard.edu/abs/2024MNRAS.529..141G/abstract target=ref>Guenther et al. 2024</a>,,5578.0,46.0,-46.0,0.0,0.99,0.012,-0.012,0.0,0.913,0.024,-0.024,0.0,-0.005,0.059,-0.059,0.0,[Fe/H],4.408,0.017,-0.017,0.0,<a refstr=STASSUN_ET_AL__2019 href=https://ui.adsabs.harvard.edu/abs/2019AJ....158..138S/abstract target=ref>TICv8</a>,00h52m19.21s,13.0800239,+10d47m40.94s,10.7947051,244.59,3.044,-2.972,12.101,0.031,-0.031,10.344,0.021,-0.021,11.9535,0.00022,-0.00022,2025-02-24,2024-03,2025-02-24,9.129020002553286,0.705,0.037,1.0229259239483879
663,GJ 367 b,GJ 367,1,1,3,Transit,2021,Transiting Exoplanet Survey Satellite (TESS),Published Confirmed,0,<a refstr=GOFFO_ET_AL__2023 href=https://ui.adsabs.harvard.edu/abs/2023arXiv230709181G/abstract target=ref>Goffo et al. 2023</a>,0.3219225,2e-07,-2e-07,0.0,0.00709,0.00027,-0.00027,0.0,0.699,0.024,-0.024,0.0,0.06236071,0.00214114,-0.00214114,0.0,0.633,0.05,-0.05,0.0,0.00199164,0.00015732,-0.00015732,0.0,Mass,0.06,0.07,-0.04,0.0,579.0,57.0,-52.0,0.0,1365.0,32.0,-32.0,0.0,0,<a refstr=GOFFO_ET_AL__2023 href=https://ui.adsabs.harvard.edu/abs/2023arXiv230709181G/abstract target=ref>Goffo et al. 2023</a>,M1.0 V,3522.0,70.0,-70.0,0.0,0.458,0.013,-0.013,0.0,0.455,0.011,-0.011,0.0,-0.01,0.12,-0.12,0.0,[Fe/H],4.776,0.026,-0.026,0.0,<a refstr=STASSUN_ET_AL__2019 href=https://ui.adsabs.harvard.edu/abs/2019AJ....158..138S/abstract target=ref>TICv8</a>,09h44m29.15s,146.121464,-45d46m44.46s,-45.7790165,9.41263,0.002835,-0.002835,10.153,0.044,-0.044,5.78,0.02,-0.02,9.15159,0.00065,-0.00065,2023-08-10,2023-07,2023-08-10,10.212305110448785,0.05,0.024,1.3256003581001052
669,GJ 3929 b,GJ 3929,1,1,2,Transit,2022,Transiting Exoplanet Survey Satellite (TESS),Published Confirmed,0,<a refstr=BEARD_ET_AL__2022 href=https://ui.adsabs.harvard.edu/abs/2022arXiv220710672B/abstract target=ref>Beard et al. 2022</a>,2.616235,5e-06,-5e-06,0.0,0.0252,0.0005,-0.0005,0.0,1.09,0.04,-0.04,0.0,0.09724345,0.00356857,-0.00356857,0.0,1.75,0.44,-0.45,0.0,0.00550612,0.00138439,-0.00141586,0.0,Mass,0.0,,,0.0,17.3,0.7,-0.7,0.0,568.0,6.0,-6.0,0.0,0,<a refstr=BEARD_ET_AL__2022 href=https://ui.adsabs.harvard.edu/abs/2022arXiv220710672B/abstract target=ref>Beard et al. 2022</a>,,3384.0,88.0,-88.0,0.0,0.32,0.01,-0.01,0.0,0.313,0.027,-0.022,0.0,-0.02,0.12,-0.12,0.0,[Fe/H],4.89,0.05,-0.05,0.0,<a refstr=STASSUN_ET_AL__2019 href=https://ui.adsabs.harvard.edu/abs/2019AJ....158..138S/abstract target=ref>TICv8</a>,15h58m18.62s,239.5775678,+35d24m29.21s,35.4081141,15.8095,0.0096,-0.0095,12.675,0.023,-0.023,7.869,0.02,-0.02,11.5109,0.000681,-0.000681,2022-08-01,2022-07,2022-08-01,7.445779206488811,0.445,0.04,2.063185198061673
725,GJ 486 b,GJ 486,1,1,1,Radial Velocity,2021,Calar Alto Observatory,Published Confirmed,0,<a refstr=WEINER_MANSFIELD_ET_AL__2024 href=https://ui.adsabs.harvard.edu/abs/2024ApJ...975L..22W/abstract target=ref>Weiner Mansfield et al. 2024</a>,1.46712127,3.1e-07,-3.5e-07,0.0,0.01714,0.00013,-0.00013,0.0,1.289,0.019,-0.014,0.0,0.11499708,0.00169507,-0.001249,0.0,2.77,0.076,-0.073,0.0,0.00871539,0.00023912,-0.00022968,0.0,Mass,0.00086,0.0016,-0.00043,0.0,39.2,1.7,-1.6,0.0,696.3,7.2,-7.3,0.0,0,<a refstr=WEINER_MANSFIELD_ET_AL__2024 href=https://ui.adsabs.harvard.edu/abs/2024ApJ...975L..22W/abstract target=ref>Weiner Mansfield et al. 2024</a>,,3317.0,36.0,-37.0,0.0,0.3243,0.0044,-0.0034,0.0,0.312,0.007,-0.0069,0.0,-0.15,0.13,-0.12,0.0,[Fe/H],4.9111,0.0068,-0.011,0.0,<a refstr=STASSUN_ET_AL__2019 href=https://ui.adsabs.harvard.edu/abs/2019AJ....158..138S/abstract target=ref>TICv8</a>,12h47m55.57s,191.981531,+09d44m57.91s,9.7494181,8.07426,0.004095,-0.004095,11.39,0.1,-0.1,6.362,0.018,-0.018,10.094,0.000746,-0.000746,2025-04-16,2024-11,2025-04-16,7.126439718474017,0.0745,0.0165,0.3341122812574321
853,GJ 9827 b,GJ 9827,1,1,3,Transit,2017,K2,Published Confirmed,0,<a refstr=PASSEGGER_ET_AL__2024 href=https://ui.adsabs.harvard.edu/abs/2024arXiv240106276P/abstract target=ref>Passegger et al. 2024</a>,1.208974,1e-06,-1e-06,0.0,0.0189,0.0004,-0.0004,0.0,1.44,0.09,-0.07,0.0,0.12846842,0.00802928,-0.00624499,0.0,4.28,0.35,-0.33,0.0,0.01346639,0.00110122,-0.0010383,0.0,Mass,,,,,,,,,1035.01,29.07,-29.07,0.0,0,<a refstr=PASSEGGER_ET_AL__2024 href=https://ui.adsabs.harvard.edu/abs/2024arXiv240106276P/abstract target=ref>Passegger et al. 2024</a>,K7 V,4236.0,12.0,-12.0,0.0,0.58,0.03,-0.03,0.0,0.62,0.04,-0.04,0.0,-0.29,0.03,-0.03,0.0,[Fe/H],4.719,0.013,-0.013,0.0,<a refstr=STASSUN_ET_AL__2019 href=https://ui.adsabs.harvard.edu/abs/2019AJ....158..138S/abstract target=ref>TICv8</a>,23h27m05.23s,351.7717763,-01d17m07.24s,-1.2853435,29.661,0.0543,-0.0541,10.37,0.03,-0.03,7.193,0.024,-0.024,9.83773,0.000411,-0.000411,2025-01-09,2024-01,2025-01-09,7.897832004458162,0.33999999999999997,0.08,1.4581796251447798
861,GJ 9827 c,GJ 9827,1,1,3,Transit,2017,K2,Published Confirmed,0,<a refstr=PASSEGGER_ET_AL__2024 href=https://ui.adsabs.harvard.edu/abs/2024arXiv240106276P/abstract target=ref>Passegger et al. 2024</a>,3.648103,1.3e-05,-1e-05,0.0,0.0395,0.0009,-0.0009,0.0,1.13,0.07,-0.05,0.0,0.10081202,0.00624499,-0.00446071,0.0,1.86,0.37,-0.39,0.0,0.00585221,0.00116415,-0.00122708,0.0,Mass,,,,,,,,,715.94,20.33,-20.33,0.0,0,<a refstr=PASSEGGER_ET_AL__2024 href=https://ui.adsabs.harvard.edu/abs/2024arXiv240106276P/abstract target=ref>Passegger et al. 2024</a>,K7 V,4236.0,12.0,-12.0,0.0,0.58,0.03,-0.03,0.0,0.62,0.04,-0.04,0.0,-0.29,0.03,-0.03,0.0,[Fe/H],4.719,0.013,-0.013,0.0,<a refstr=STASSUN_ET_AL__2019 href=https://ui.adsabs.harvard.edu/abs/2019AJ....158..138S/abstract target=ref>TICv8</a>,23h27m05.23s,351.7717763,-01d17m07.24s,-1.2853435,29.661,0.0543,-0.0541,10.37,0.03,-0.03,7.193,0.024,-0.024,9.83773,0.000411,-0.000411,2025-01-09,2024-01,2025-01-09,7.102793893119191,0.38,0.060000000000000005,1.8400607296022875
2200,HD 137496 b,HD 137496,1,1,2,Transit,2021,K2,Published Confirmed,0,<a refstr=AZEVEDO_SILVA_ET_AL__2022 href=https://ui.adsabs.harvard.edu/abs/2022A&A...657A..68A/abstract target=ref>Azevedo Silva et al. 2022</a>,1.62116,7.91e-05,-8.06e-05,0.0,0.02732,0.00019,-0.00019,0.0,1.31,0.06,-0.05,0.0,0.11687057,0.00535285,-0.00446071,0.0,4.04,0.55,-0.55,0.0,0.01271126,0.00173049,-0.00173049,0.0,Mass,0.0,,,0.0,,,,,2130.0,30.0,-29.0,0.0,0,<a refstr=AZEVEDO_SILVA_ET_AL__2022 href=https://ui.adsabs.harvard.edu/abs/2022A&A...657A..68A/abstract target=ref>Azevedo Silva et al. 2022</a>,G,5799.0,61.0,-61.0,0.0,1.59,0.03,-0.03,0.0,1.04,0.02,-0.02,0.0,-0.03,0.04,-0.04,0.0,[Fe/H],4.05,0.1,-0.1,0.0,<a refstr=STASSUN_ET_AL__2019 href=https://ui.adsabs.harvard.edu/abs/2019AJ....158..138S/abstract target=ref>TICv8</a>,15h26m58.09s,231.7420543,-16d30m32.41s,-16.5090014,155.317,1.739,-1.702,9.899,0.006,-0.006,8.244,0.036,-0.036,9.77168,0.000601,-0.000601,2021-11-18,2022-01,2021-11-18,9.901912333619947,0.55,0.055,1.8364826251798625
2882,HD 213885 b,HD 213885,1,1,2,Transit,2019,Transiting Exoplanet Survey Satellite (TESS),Published Confirmed,0,<a refstr=ESPINOZA_ET_AL__2020 href=https://ui.adsabs.harvard.edu/abs/2020MNRAS.491.2982E/abstract target=ref>Espinoza et al. 2020</a>,1.008035,2.1e-05,-2e-05,0.0,0.02012,0.00015,-0.00012,0.0,1.745,0.051,-0.052,0.0,0.15567847,0.00454992,-0.00463913,0.0,8.83,0.66,-0.65,0.0,0.02778215,0.00207658,-0.00204512,0.0,Mass,0.0,,,0.0,,,,,2128.0,13.0,-14.0,0.0,0,<a refstr=ESPINOZA_ET_AL__2020 href=https://ui.adsabs.harvard.edu/abs/2020MNRAS.491.2982E/abstract target=ref>Espinoza et al. 2020</a>,G,5978.0,50.0,-50.0,0.0,1.1011,0.008,-0.0075,0.0,1.068,0.02,-0.018,0.0,-0.04,0.03,-0.03,0.0,[Fe/H],4.3827,0.0095,-0.0097,0.0,<a refstr=STASSUN_ET_AL__2019 href=https://ui.adsabs.harvard.edu/abs/2019AJ....158..138S/abstract target=ref>TICv8</a>,22h35m56.09s,338.9837166,-59d51m53.38s,-59.864829,48.0883,0.0991,-0.0987,7.95,0.03,-0.03,6.419,0.024,-0.024,7.80173,0.000247,-0.000247,2019-12-02,2020-01,2019-12-05,9.15642639319446,0.655,0.0515,1.0576212606459294
3037,HD 23472 d,HD 23472,1,1,5,Transit,2022,Transiting Exoplanet Survey Satellite (TESS),Published Confirmed,0,<a refstr=BARROS_ET_AL__2022 href=https://ui.adsabs.harvard.edu/abs/2022arXiv220913345B/abstract target=ref>Barros et al. 2022</a>,3.97664,3e-05,-4.4e-05,0.0,0.04298,0.00063,-0.00065,0.0,0.75,0.067,-0.057,0.0,0.06691063,0.00597735,-0.00508521,0.0,0.55,0.21,-0.2,0.0,0.00173049,0.00066073,-0.00062927,0.0,Mass,0.07,0.05,-0.047,0.0,117.0,13.0,-11.0,0.0,909.0,35.0,-32.0,0.0,0,<a refstr=BARROS_ET_AL__2022 href=https://ui.adsabs.harvard.edu/abs/2022arXiv220913345B/abstract target=ref>Barros et al. 2022</a>,K4 V,4684.0,99.0,-99.0,0.0,0.71,0.02,-0.02,0.0,0.67,0.03,-0.03,0.0,-0.2,0.05,-0.05,0.0,[Fe/H],4.53,0.08,-0.08,0.0,<a refstr=STASSUN_ET_AL__2019 href=https://ui.adsabs.harvard.edu/abs/2019AJ....158..138S/abstract target=ref>TICv8</a>,03h41m50.17s,55.4590314,-62d46m02.16s,-62.7672667,39.0341,0.0401,-0.04,9.73,0.03,-0.03,7.207,0.023,-0.023,9.38476,0.000227,-0.000227,2022-10-03,2022-09,2022-10-03,7.183407407407407,0.20500000000000002,0.062,3.2159660066878457
3039,HD 23472 e,HD 23472,1,1,5,Transit,2022,Transiting Exoplanet Survey Satellite (TESS),Published Confirmed,0,<a refstr=BARROS_ET_AL__2022 href=https://ui.adsabs.harvard.edu/abs/2022arXiv220913345B/abstract target=ref>Barros et al. 2022</a>,7.90754,0.00011,-0.00011,0.0,0.068,0.001,-0.001,0.0,0.818,0.08,-0.065,0.0,0.0729772,0.00713713,-0.00579892,0.0,0.72,0.28,-0.27,0.0,0.00226537,0.00088098,-0.00084952,0.0,Mass,0.07,0.052,-0.047,0.0,46.7,5.1,-4.6,0.0,723.0,28.0,-25.0,0.0,0,<a refstr=BARROS_ET_AL__2022 href=https://ui.adsabs.harvard.edu/abs/2022arXiv220913345B/abstract target=ref>Barros et al. 2022</a>,K4 V,4684.0,99.0,-99.0,0.0,0.71,0.02,-0.02,0.0,0.67,0.03,-0.03,0.0,-0.2,0.05,-0.05,0.0,[Fe/H],4.53,0.08,-0.08,0.0,<a refstr=STASSUN_ET_AL__2019 href=https://ui.adsabs.harvard.edu/abs/2019AJ....158..138S/abstract target=ref>TICv8</a>,03h41m50.17s,55.4590314,-62d46m02.16s,-62.7672667,39.0341,0.0401,-0.04,9.73,0.03,-0.03,7.207,0.023,-0.023,9.38476,0.000227,-0.000227,2022-10-03,2022-09,2022-10-03,7.248100128841959,0.275,0.07250000000000001,3.373134804763192
3073,HD 25463 c,HD 25463,1,1,2,Transit,2023,Transiting Exoplanet Survey Satellite (TESS),Published Confirmed,0,<a refstr=POLANSKI_ET_AL__2024 href=https://ui.adsabs.harvard.edu/abs/2024ApJS..272...32P/abstract target=ref>Polanski et al. 2024</a>,3.04405,1e-05,-1e-05,0.0,0.0443,0.0008,-0.0008,0.0,1.36354953,0.13045621,-0.09615242,0.0,0.12164795,0.01163854,-0.00857816,0.0,4.3,1.9,-1.9,0.0,0.01352931,0.00597807,-0.00597807,0.0,Mass,0.0,,,0.0,,,,,1585.57,25.67,-23.61,0.0,0,<a refstr=MACDOUGALL_ET_AL__2023 href=https://ui.adsabs.harvard.edu/abs/2023AJ....166...33M/abstract target=ref>MacDougall et al. 2023</a>,,6353.0,85.0,-77.0,0.0,1.4182,0.0241,-0.023,0.0,1.251,0.0248,-0.0229,0.0,-0.018,0.054,-0.062,0.0,[Fe/H],4.227,0.019,-0.014,0.0,<a refstr=STASSUN_ET_AL__2019 href=https://ui.adsabs.harvard.edu/abs/2019AJ....158..138S/abstract target=ref>TICv8</a>,04h02m59.60s,60.7483361,+09d12m27.96s,9.2077676,45.6181,0.1254,-0.1247,6.91134,0.023,-0.023,5.706,0.018,-0.018,6.77613,0.000254,-0.000254,2024-07-23,2024-06,2024-07-23,9.345602399310243,1.9,0.11330431499999999,4.741305717234563
3471,HD 63433 b,HD 63433,1,1,3,Transit,2020,Transiting Exoplanet Survey Satellite (TESS),Published Confirmed,0,<a refstr=POLANSKI_ET_AL__2024 href=https://ui.adsabs.harvard.edu/abs/2024ApJS..272...32P/abstract target=ref>Polanski et al. 2024</a>,7.1079384,6.6e-06,-6.6e-06,0.0,0.072,0.001,-0.001,0.0,2.16351593,0.05799703,-0.04762783,0.0,0.1930163,0.00517416,-0.00424908,0.0,37.3,9.6,-9.6,0.0,0.11735892,0.03020498,-0.03020498,0.0,Mass,0.0,,,0.0,,,,,886.44,12.12,-12.61,0.0,0,<a refstr=MACDOUGALL_ET_AL__2023 href=https://ui.adsabs.harvard.edu/abs/2023AJ....166...33M/abstract target=ref>MacDougall et al. 2023</a>,,5634.0,62.0,-65.0,0.0,0.9169,0.0132,-0.0129,0.0,0.9883,0.0212,-0.0273,0.0,0.079,0.054,-0.053,0.0,[Fe/H],4.508,0.013,-0.019,0.0,<a refstr=STASSUN_ET_AL__2019 href=https://ui.adsabs.harvard.edu/abs/2019AJ....158..138S/abstract target=ref>TICv8</a>,07h49m55.05s,117.4793699,+27d21m47.28s,27.3631342,22.4035,0.0225,-0.0225,6.92035,0.023,-0.023,5.258,0.016,-0.016,6.71831,0.000529,-0.000529,2024-07-23,2024-06,2024-07-23,20.29458331442756,9.6,0.05281243,5.430593884363112
3881,HIP 29442 d,HD 42813,1,1,3,Radial Velocity,2023,Paranal Observatory,Published Confirmed,0,<a refstr=EGGER_ET_AL__2024 href=https://ui.adsabs.harvard.edu/abs/2024A&A...688A.223E/abstract target=ref>Egger et al. 2024</a>,6.429575,2.6e-05,-2.6e-05,0.0,0.0673,0.0012,-0.0012,0.0,1.538,0.049,-0.049,0.0,0.13721141,0.00437149,-0.00437149,0.0,5.14,0.41,-0.41,0.0,0.01617225,0.00129,-0.00129,0.0,Mass,,,,,203.0,14.0,-14.0,0.0,920.0,16.0,-16.0,0.0,0,<a refstr=EGGER_ET_AL__2024 href=https://ui.adsabs.harvard.edu/abs/2024A&A...688A.223E/abstract target=ref>Egger et al. 2024</a>,,5289.0,69.0,-69.0,0.0,0.98,0.007,-0.007,0.0,0.901,0.043,-0.043,0.0,0.24,0.05,-0.05,0.0,[Fe/H],4.39,0.03,-0.03,0.0,<a refstr=STASSUN_ET_AL__2019 href=https://ui.adsabs.harvard.edu/abs/2019AJ....158..138S/abstract target=ref>TICv8</a>,06h12m13.88s,93.0578446,-14d38m57.54s,-14.6493167,68.192,0.1772,-0.1763,9.49,0.03,-0.03,7.587,0.024,-0.024,9.27468,0.000294,-0.000294,2024-09-13,2024-08,2024-09-13,7.784768665121257,0.41,0.049,0.9691328287761037
4242,K2-131 b,K2-131,1,1,1,Transit,2017,K2,Published Confirmed,0,<a refstr=BONOMO_ET_AL__2023 href=https://ui.adsabs.harvard.edu/abs/2023arXiv230405773B/abstract target=ref>Bonomo et al. 2023</a>,0.3693038,9.1e-06,-9.1e-06,0.0,0.00936,0.00014,-0.00014,0.0,1.69,0.085,-0.058,0.0,0.15077196,0.00758321,-0.00517442,0.0,7.9,1.3,-1.3,0.0,0.02485618,0.00409026,-0.00409026,0.0,Mass,0.0,,,0.0,4070.0,280.0,-280.0,0.0,2223.0,37.0,-37.0,0.0,0,<a refstr=BONOMO_ET_AL__2023 href=https://ui.adsabs.harvard.edu/abs/2023arXiv230405773B/abstract target=ref>Bonomo et al. 2023</a>,,5120.0,71.0,-71.0,0.0,0.7595,0.0087,-0.0089,0.0,0.803,0.034,-0.034,0.0,-0.04,0.07,-0.07,0.0,[Fe/H],,,,,<a refstr=STASSUN_ET_AL__2019 href=https://ui.adsabs.harvard.edu/abs/2019AJ....158..138S/abstract target=ref>TICv8</a>,12h11m00.34s,182.751404,-09d45m54.86s,-9.7652392,152.509,1.079,-1.063,12.129,0.092,-0.092,10.051,0.026,-0.026,11.8999,0.000602,-0.000602,2023-04-17,2023-04,2023-04-17,9.018173290055605,1.3,0.07150000000000001,1.874141776203083
4308,K2-141 b,K2-141,1,1,2,Transit,2018,K2,Published Confirmed,0,<a refstr=BONOMO_ET_AL__2023 href=https://ui.adsabs.harvard.edu/abs/2023arXiv230405773B/abstract target=ref>Bonomo et al. 2023</a>,0.2803244,1.5e-06,-1.5e-06,0.0,0.00747,0.0001,-0.0001,0.0,1.51,0.05,-0.05,0.0,0.13471341,0.00446071,-0.00446071,0.0,4.97,0.35,-0.34,0.0,0.01563737,0.00110122,-0.00106976,0.0,Mass,0.0,,,0.0,3260.0,370.0,-330.0,0.0,2103.0,56.0,-56.0,0.0,0,<a refstr=BONOMO_ET_AL__2023 href=https://ui.adsabs.harvard.edu/abs/2023arXiv230405773B/abstract target=ref>Bonomo et al. 2023</a>,,4570.0,100.0,-100.0,0.0,0.681,0.018,-0.018,0.0,0.708,0.028,-0.028,0.0,0.0,0.06,-0.06,0.0,[Fe/H],,,,,<a refstr=STASSUN_ET_AL__2019 href=https://ui.adsabs.harvard.edu/abs/2019AJ....158..138S/abstract target=ref>TICv8</a>,23h23m40.09s,350.9170464,-01d11m21.06s,-1.1891827,61.8736,0.1662,-0.1654,11.454,0.023,-0.023,8.401,0.023,-0.023,10.7217,0.000692,-0.000692,2023-04-17,2023-04,2023-04-17,7.953845407616896,0.345,0.05,0.9639141362813523
4366,K2-157 b,K2-157,1,1,3,Transit,2018,K2,Published Confirmed,0,<a refstr=CASTRO_GONZ_AMP_AACUTE_LEZ_ET_AL__2025 href=https://ui.adsabs.harvard.edu/abs/2025arXiv250420999C/abstract target=ref>Castro-Gonz&aacute;lez et al. 2025</a>,0.3652575,7.8e-06,-8.8e-06,0.0,0.00962,0.0001,-0.0001,0.0,0.935,0.09,-0.09,0.0,0.0834,0.0081,-0.0081,0.0,1.14,0.41,-0.42,0.0,0.0036,0.0013,-0.0013,0.0,Mass,,,,,6660.0,200.0,-200.0,0.0,2432.0,42.0,-42.0,0.0,0,<a refstr=CASTRO_GONZ_AMP_AACUTE_LEZ_ET_AL__2025 href=https://ui.adsabs.harvard.edu/abs/2025arXiv250420999C/abstract target=ref>Castro-Gonz&aacute;lez et al. 2025</a>,G9 V,5334.0,64.0,-64.0,0.0,0.86,0.019,-0.019,0.0,0.89,0.029,-0.029,0.0,0.02,0.04,-0.04,0.0,[Fe/H],4.45,0.04,-0.04,0.0,<a refstr=STASSUN_ET_AL__2019 href=https://ui.adsabs.harvard.edu/abs/2019AJ....158..138S/abstract target=ref>TICv8</a>,12h15m00.36s,183.7514959,-05d46m55.26s,-5.7820178,298.373,4.59,-4.455,12.942,0.069,-0.069,10.98,0.023,-0.023,12.6419,0.000177,-0.000177,2025-05-13,2025-04,2025-05-13,7.6846062127143,0.415,0.09,3.570735517056695
4877,K2-265 b,K2-265,1,2,1,Transit,2018,K2,Published Confirmed,0,<a refstr=THYGESEN_ET_AL__2023 href=https://ui.adsabs.harvard.edu/abs/2023AJ....165..155T/abstract target=ref>Thygesen et al. 2023</a>,2.36902,5.8e-05,-5.9e-05,0.0,0.03359,0.00062,-0.00053,0.0,1.70824866,0.11208981,-0.08070466,0.0,0.1524,0.01,-0.0072,0.0,7.3418362,1.43022783,-1.39844499,0.0,0.0231,0.0045,-0.0044,0.0,Mass,0.16,0.16,-0.11,0.0,,,,,1366.0,17.0,-17.0,0.0,0,<a refstr=THYGESEN_ET_AL__2023 href=https://ui.adsabs.harvard.edu/abs/2023AJ....165..155T/abstract target=ref>Thygesen et al. 2023</a>,,5420.0,100.0,-100.0,0.0,0.92,0.034,-0.032,0.0,0.901,0.051,-0.042,0.0,0.033,0.099,-0.1,0.0,[Fe/H],4.465,0.042,-0.039,0.0,<a refstr=STASSUN_ET_AL__2019 href=https://ui.adsabs.harvard.edu/abs/2019AJ....158..138S/abstract target=ref>TICv8</a>,22h48m07.60s,342.0316493,-14d29m41.20s,-14.4947789,138.671,0.985,-0.97,11.187,0.015,-0.015,9.259,0.027,-0.027,10.9277,0.000552,-0.000552,2024-11-20,2023-04,2024-11-20,8.115270934160254,1.41433641,0.096397235,2.0812148961501737
5044,K2-291 b,K2-291,1,1,1,Transit,2019,K2,Published Confirmed,0,<a refstr=KOSIAREK_ET_AL__2019 href=https://ui.adsabs.harvard.edu/abs/2019AJ....157..116K/abstract target=ref>Kosiarek et al. 2019</a>,2.225177,6.6e-05,-6.8e-05,0.0,0.03261,0.00044,-0.00044,0.0,1.589,0.095,-0.072,0.0,0.14176108,0.00847533,-0.00642341,0.0,6.49,1.16,-1.16,0.0,0.02041972,0.00364975,-0.00364975,0.0,Mass,0.0,,,0.0,633.0,59.0,-56.0,0.0,,,,,0,<a refstr=KOSIAREK_ET_AL__2019 href=https://ui.adsabs.harvard.edu/abs/2019AJ....157..116K/abstract target=ref>Kosiarek et al. 2019</a>,,5520.0,60.0,-60.0,0.0,0.899,0.035,-0.033,0.0,0.934,0.038,-0.038,0.0,0.08,0.04,-0.05,0.0,[Fe/H],4.5,0.05,-0.05,0.0,<a refstr=STASSUN_ET_AL__2019 href=https://ui.adsabs.harvard.edu/abs/2019AJ....158..138S/abstract target=ref>TICv8</a>,05h05m47.03s,76.44594,+21d32m53.52s,21.548199,90.0562,0.4953,-0.49,10.014,0.005,-0.005,8.353,0.02,-0.02,9.86639,0.00071,-0.00071,2019-01-22,2019-03,2019-01-24,8.913014314900078,1.16,0.08349999999999999,2.1241997250404023
5147,K2-32 e,K2-32,1,2,4,Transit,2019,K2,Published Confirmed,0,<a refstr=LILLO_BOX_ET_AL__2020 href=https://ui.adsabs.harvard.edu/abs/2020A&A...640A..48L/abstract target=ref>Lillo-Box et al. 2020</a>,4.34934,0.00039,-0.00039,0.0,0.04899,0.00041,-0.00038,0.0,1.212,0.052,-0.046,0.0,0.10812758,0.00463914,-0.00410385,0.0,2.1,1.3,-1.1,0.0,0.00660734,0.00409026,-0.00346099,0.0,Mass,0.043,0.048,-0.03,0.0,,,,,1066.0,16.0,-18.0,0.0,0,<a refstr=LILLO_BOX_ET_AL__2020 href=https://ui.adsabs.harvard.edu/abs/2020A&A...640A..48L/abstract target=ref>Lillo-Box et al. 2020</a>,,5271.0,39.0,-35.0,0.0,0.86,0.02,-0.02,0.0,0.83,0.02,-0.02,0.0,-0.06,0.03,-0.03,0.0,[Fe/H],4.49,0.03,-0.03,0.0,<a refstr=STASSUN_ET_AL__2019 href=https://ui.adsabs.harvard.edu/abs/2019AJ....158..138S/abstract target=ref>TICv8</a>,16h49m42.24s,252.426008,-19d32m34.98s,-19.5430504,157.682,1.309,-1.288,12.304,0.092,-0.092,9.821,0.019,-0.019,12.0036,0.000259,-0.000259,2021-05-17,2020-08,2021-05-17,6.499246875966883,1.2000000000000002,0.049,3.796590454802517
5285,K2-36 b,K2-36,1,1,2,Transit,2016,K2,Published Confirmed,0,<a refstr=BONOMO_ET_AL__2023 href=https://ui.adsabs.harvard.edu/abs/2023arXiv230405773B/abstract target=ref>Bonomo et al. 2023</a>,1.422614,3.8e-05,-3.8e-05,0.0,0.02288,0.0001,-0.0001,0.0,1.43,0.08,-0.08,0.0,0.12757627,0.00713713,-0.00713713,0.0,4.3,1.4,-1.4,0.0,0.01352931,0.00440489,-0.00440489,0.0,Mass,0.093,,,1.0,519.0,20.0,-20.0,0.0,1328.0,12.0,-12.0,0.0,0,<a refstr=BONOMO_ET_AL__2023 href=https://ui.adsabs.harvard.edu/abs/2023arXiv230405773B/abstract target=ref>Bonomo et al. 2023</a>,,4916.0,37.0,-37.0,0.0,0.718,0.008,-0.006,0.0,0.79,0.01,-0.01,0.0,,,,,,,,,,<a refstr=STASSUN_ET_AL__2019 href=https://ui.adsabs.harvard.edu/abs/2019AJ....158..138S/abstract target=ref>TICv8</a>,11h17m47.76s,169.4490102,+03d51m59.41s,3.8665038,109.749,0.615,-0.609,11.726,0.037,-0.037,9.454001,0.025,-0.025,11.527,0.000904,-0.000904,2023-04-17,2023-04,2023-04-17,8.10236758204874,1.4,0.08,2.9678440646800204
5371,K2-38 b,K2-38,1,1,2,Transit,2016,K2,Published Confirmed,0,<a refstr=BONOMO_ET_AL__2023 href=https://ui.adsabs.harvard.edu/abs/2023arXiv230405773B/abstract target=ref>Bonomo et al. 2023</a>,4.01593,0.0005,-0.0005,0.0,0.0503,0.0011,-0.0011,0.0,1.655,0.096,-0.096,0.0,0.14764946,0.00856456,-0.00856456,0.0,7.7,1.2,-1.1,0.0,0.02422691,0.00377562,-0.00346099,0.0,Mass,0.11,,,1.0,490.0,35.0,-35.0,0.0,1310.0,22.0,-22.0,0.0,0,<a refstr=BONOMO_ET_AL__2023 href=https://ui.adsabs.harvard.edu/abs/2023arXiv230405773B/abstract target=ref>Bonomo et al. 2023</a>,,5705.0,66.0,-66.0,0.0,1.141,0.012,-0.012,0.0,1.054,0.07,-0.063,0.0,0.235,0.07,-0.07,0.0,[Fe/H],,,,,<a refstr=STASSUN_ET_AL__2019 href=https://ui.adsabs.harvard.edu/abs/2019AJ....158..138S/abstract target=ref>TICv8</a>,16h00m07.99s,240.0333095,-23d11m21.91s,-23.1894196,192.69,2.669,-2.597,11.344,0.023,-0.023,9.47,0.021,-0.021,11.184,0.001015,-0.001015,2023-04-17,2023-04,2023-04-17,9.359406922838527,1.15,0.096,2.146304553304126
6349,KOI-1831 d,Kepler-324,1,1,4,Transit,2021,Kepler,Published Confirmed,0,<a refstr=JONTOF_HUTTER_ET_AL__2021 href=https://ui.adsabs.harvard.edu/abs/2021AJ....161..246J/abstract target=ref>Jontof-Hutter et al. 2021</a>,34.169,,,0.0,,,,,1.13,0.05,-0.05,0.0,0.10081202,0.00446071,-0.00446071,0.0,2.23,0.5,-0.84,0.0,0.00701636,0.00157318,-0.00264294,0.0,Mass,,,,,,,,,475.0,9.0,-9.0,0.0,0,<a refstr=JONTOF_HUTTER_ET_AL__2021 href=https://ui.adsabs.harvard.edu/abs/2021AJ....161..246J/abstract target=ref>Jontof-Hutter et al. 2021</a>,,5233.0,60.0,-60.0,0.0,0.835,0.023,-0.022,0.0,0.901,0.017,-0.027,0.0,,,,,,,,,,<a refstr=STASSUN_ET_AL__2019 href=https://ui.adsabs.harvard.edu/abs/2019AJ....158..138S/abstract target=ref>TICv8</a>,19h05m53.15s,286.4714473,+49d38m56.74s,49.6490933,501.574,3.681,-3.629,14.222,0.069,-0.069,12.291,0.025,-0.025,14.0909,0.000217,-0.000217,2021-06-11,2021-05,2021-06-11,8.51571525895473,0.6699999999999999,0.05,2.797124828676893
6377,KOI-2513.01,KOI-2513,1,1,1,Transit,2023,Kepler,Published Confirmed,0,<a refstr=CA_NTILDE_AS_ET_AL__2023 href=https://ui.adsabs.harvard.edu/abs/2023ApJS..265...50C/abstract target=ref>Ca&ntilde;as et al. 2023</a>,19.00547,5e-05,-5e-05,0.0,0.5,0.2,-0.4,0.0,2.80224517,22.4179614,-0.56044903,0.0,0.25,2.0,-0.05,0.0,7310.053361,635.656814,-635.656814,0.0,23.0,2.0,-2.0,0.0,Mass,0.36,0.03,-0.03,0.0,,,,,,,,,0,<a refstr=CA_NTILDE_AS_ET_AL__2023 href=https://ui.adsabs.harvard.edu/abs/2023ApJS..265...50C/abstract target=ref>Ca&ntilde;as et al. 2023</a>,,5900.0,100.0,-100.0,0.0,1.2,0.4,-0.2,0.0,0.91,0.1,-0.06,0.0,-0.37,0.02,-0.02,0.0,[Fe/H],4.3,0.2,-0.2,0.0,<a refstr=STASSUN_ET_AL__2019 href=https://ui.adsabs.harvard.edu/abs/2019AJ....158..138S/abstract target=ref>TICv8</a>,19h34m40.53s,293.6688776,+46d22m45.24s,46.3792321,1369.87,,,14.913,0.069,-0.069,13.367,0.036,-0.036,14.809,0.000687,-0.000687,2024-04-15,2023-04,2024-04-15,1830.4326683830493,635.656814,11.489205215,22514.884479463697
6497,KOI-94 b,KOI-94,1,2,4,Transit,2013,Kepler,Published Confirmed,0,<a refstr=WEISS_ET_AL__2013 href=https://ui.adsabs.harvard.edu/abs/2013ApJ...768...14W/abstract target=ref> Weiss et al. 2013 </a>,3.743208,1.5e-05,-1.5e-05,0.0,0.05119,0.00067,-0.00067,0.0,1.71,0.16,-0.16,0.0,0.153,0.014,-0.014,0.0,10.5,4.6,-4.6,0.0,0.033,0.014,-0.014,0.0,Mass,0.25,0.17,-0.17,0.0,,,,,1486.0,,,0.0,0,<a refstr=WEISS_ET_AL__2013 href=https://ui.adsabs.harvard.edu/abs/2013ApJ...768...14W/abstract target=ref> Weiss et al. 2013 </a>,,6182.0,58.0,-58.0,0.0,1.52,0.14,-0.14,0.0,1.277,0.05,-0.05,0.0,0.0228,0.002,-0.002,0.0,[Fe/H],4.181,0.066,-0.066,0.0,<a refstr=STASSUN_ET_AL__2019 href=https://ui.adsabs.harvard.edu/abs/2019AJ....158..138S/abstract target=ref>TICv8</a>,19h49m19.94s,297.3330716,+41d53m28.03s,41.8911186,477.052,5.0,-4.899,12.314,0.046,-0.046,10.926,0.019,-0.019,12.1882,0.000154,-0.000154,2014-05-14,2013-05,2014-05-14,11.57051172440523,4.6,0.16,6.020235348102002
6641,Kepler-100 b,Kepler-100,1,1,4,Transit,2014,Kepler,Published Confirmed,0,<a refstr=BRINKMAN_ET_AL__2025 href=https://ui.adsabs.harvard.edu/abs/2025AJ....170..109B/abstract target=ref>Brinkman et al. 2025</a>,6.88734,7e-05,-7e-05,0.0,,,,,1.34,0.12,-0.12,0.0,0.119547,0.0107057,-0.0107057,0.0,4.01,0.47,-0.47,0.0,0.01261687,0.00147879,-0.00147879,0.0,Mass,,,,,,,,,,,,,0,<a refstr=BRINKMAN_ET_AL__2025 href=https://ui.adsabs.harvard.edu/abs/2025AJ....170..109B/abstract target=ref>Brinkman et al. 2025</a>,,5837.0,100.0,-100.0,0.0,1.51,0.05,-0.05,0.0,1.13,0.05,-0.05,0.0,0.1,0.04,-0.04,0.0,[Fe/H],4.1,0.1,-0.1,0.0,<a refstr=STASSUN_ET_AL__2019 href=https://ui.adsabs.harvard.edu/abs/2019AJ....158..138S/abstract target=ref>TICv8</a>,19h25m32.67s,291.3861294,+41d59m24.50s,41.9901394,304.645,1.763,-1.744,11.055,0.011,-0.011,9.768,0.014,-0.014,11.1293,0.000371,-0.000371,2025-08-07,2025-08,2025-08-07,9.182936398426666,0.47,0.12,2.6916173164828443
6961,Kepler-102 d,Kepler-102,1,1,5,Transit,2014,Kepler,Published Confirmed,0,<a refstr=BONOMO_ET_AL__2023 href=https://ui.adsabs.harvard.edu/abs/2023arXiv230405773B/abstract target=ref>Bonomo et al. 2023</a>,10.311767,4.1e-06,-4.1e-06,0.0,0.08618,0.00076,-0.00076,0.0,1.154,0.058,-0.058,0.0,0.10295316,0.00517442,-0.00517442,0.0,3.0,1.3,-1.3,0.0,0.00943906,0.00409026,-0.00409026,0.0,Mass,0.092,,,1.0,36.9,3.7,-3.7,0.0,686.0,16.0,-16.0,0.0,0,<a refstr=BONOMO_ET_AL__2023 href=https://ui.adsabs.harvard.edu/abs/2023arXiv230405773B/abstract target=ref>Bonomo et al. 2023</a>,,4909.0,98.0,-98.0,0.0,0.724,0.018,-0.018,0.0,0.803,0.021,-0.021,0.0,0.11,0.04,-0.04,0.0,[Fe/H],,,,,<a refstr=STASSUN_ET_AL__2019 href=https://ui.adsabs.harvard.edu/abs/2019AJ....158..138S/abstract target=ref>TICv8</a>,18h45m55.79s,281.4824731,+47d12m28.17s,47.2078263,107.796,0.22,-0.219,12.072,0.027,-0.027,9.351,0.011,-0.011,11.4784,0.000248,-0.000248,2023-04-17,2023-04,2023-04-17,10.756114758189556,1.3,0.058,4.935080279600273
7408,Kepler-105 c,Kepler-105,1,1,2,Transit,2014,Kepler,Published Confirmed,0,<a refstr=HOUSEHOLDER_ET_AL__2024 href=https://ui.adsabs.harvard.edu/abs/2024AJ....167...84H/abstract target=ref>Householder et al. 2024</a>,7.12592,1e-05,-1e-05,0.0,,,,,1.44,0.04,-0.04,0.0,0.12846842,0.00356857,-0.00356857,0.0,5.6,1.2,-1.2,0.0,0.01761957,0.00377562,-0.00377562,0.0,Mass,0.02,0.02,-0.02,0.0,,,,,,,,,1,<a refstr=FULTON__AMP__PETIGURA_2018 href=https://ui.adsabs.harvard.edu/abs/2018AJ....156..264F/abstract target=ref>Fulton &amp; Petigura 2018</a>,,5933.0,60.0,-60.0,0.0,1.026,0.025,-0.024,0.0,0.991,0.032,-0.033,0.0,-0.09,0.04,-0.04,0.0,[Fe/H],,,,,<a refstr=STASSUN_ET_AL__2019 href=https://ui.adsabs.harvard.edu/abs/2019AJ....158..138S/abstract target=ref>TICv8</a>,19h11m32.94s,287.8872376,+46d16m34.04s,46.2761224,459.223,5.517,-5.391,12.981,0.092,-0.092,11.503,0.013,-0.013,12.8025,0.000231,-0.000231,2024-12-10,2024-02,2024-12-10,10.333611968449931,1.2,0.04,2.3758951960495454
7713,Kepler-107 c,Kepler-107,1,1,4,Transit,2014,Kepler,Published Confirmed,0,<a refstr=BONOMO_ET_AL__2023 href=https://ui.adsabs.harvard.edu/abs/2023arXiv230405773B/abstract target=ref>Bonomo et al. 2023</a>,4.901452,0.0,0.0,0.0,0.06064,0.00048,-0.00048,0.0,1.597,0.026,-0.026,0.0,0.14247504,0.00231957,-0.00231957,0.0,10.0,2.0,-2.0,0.0,0.03146352,0.0062927,-0.0062927,0.0,Mass,0.08,,,1.0,602.0,30.0,-30.0,0.0,1378.0,16.0,-16.0,0.0,0,<a refstr=BONOMO_ET_AL__2023 href=https://ui.adsabs.harvard.edu/abs/2023arXiv230405773B/abstract target=ref>Bonomo et al. 2023</a>,,5854.0,61.0,-61.0,0.0,1.447,0.014,-0.014,0.0,1.238,0.029,-0.029,0.0,0.321,0.065,-0.065,0.0,[Fe/H],,,,,<a refstr=STASSUN_ET_AL__2019 href=https://ui.adsabs.harvard.edu/abs/2019AJ....158..138S/abstract target=ref>TICv8</a>,19h48m06.76s,297.028162,+48d12m30.97s,48.2086019,525.997,5.697,-5.577,12.543,0.057,-0.057,11.06,0.016,-0.016,12.4627,0.000157,-0.000157,2023-04-17,2023-04,2023-04-17,13.528101417955854,2.0,0.026,2.7851302123817963
8641,Kepler-113 b,Kepler-113,1,1,2,Transit,2014,Kepler,Published Confirmed,0,<a refstr=MARCY_ET_AL__2014 href=https://ui.adsabs.harvard.edu/abs/2014ApJS..210...20M/abstract target=ref> Marcy et al. 2014 </a>,4.754,,,0.0,,,,,1.82,0.05,-0.05,0.0,0.162,0.004,-0.004,0.0,11.7,4.2,-4.2,0.0,0.037,0.013,-0.013,0.0,Mass,,,,,,,,,,,,,0,<a refstr=MARCY_ET_AL__2014 href=https://ui.adsabs.harvard.edu/abs/2014ApJS..210...20M/abstract target=ref> Marcy et al. 2014 </a>,,4725.0,74.0,-74.0,0.0,0.69,0.02,-0.02,0.0,0.75,0.06,-0.06,0.0,0.05,0.07,-0.07,0.0,[Fe/H],4.636,0.03,-0.03,0.0,<a refstr=STASSUN_ET_AL__2019 href=https://ui.adsabs.harvard.edu/abs/2019AJ....158..138S/abstract target=ref>TICv8</a>,19h11m59.49s,287.9978721,+50d56m39.06s,50.9441847,262.351,1.117,-1.107,13.655,0.103,-0.103,11.255,0.023,-0.023,13.4598,0.000215,-0.000215,2014-05-14,2014-02,2014-05-14,10.693584280711438,4.2,0.05,3.938597464140843
10666,Kepler-128 b,Kepler-128,1,1,2,Transit,2013,Kepler,Published Confirmed,0,<a refstr=LELEU_ET_AL__2023 href=https://ui.adsabs.harvard.edu/abs/2023A&A...669A.117L/abstract target=ref>Leleu et al. 2023</a>,15.0,,,0.0,,,,,1.421,0.04,-0.04,0.0,0.12677335,0.00356857,-0.00356857,0.0,3.79,0.76,-0.66,0.0,0.01192467,0.00239123,-0.00207659,0.0,Mass,,,,,,,,,,,,,1,<a refstr=LELEU_ET_AL__2023 href=https://ui.adsabs.harvard.edu/abs/2023A&A...669A.117L/abstract target=ref>Leleu et al. 2023</a>,,6072.0,75.0,-75.0,0.0,1.659,0.038,-0.038,0.0,1.184,0.074,-0.074,0.0,,,,,,,,,,<a refstr=STASSUN_ET_AL__2019 href=https://ui.adsabs.harvard.edu/abs/2019AJ....158..138S/abstract target=ref>TICv8</a>,18h49m58.14s,282.4922622,+43d58m48.88s,43.9802442,396.379,3.947,-3.872,11.693,0.018,-0.018,10.109,0.011,-0.011,11.2886,0.000563,-0.000563,2024-06-10,2023-01,2024-06-10,7.277941745114593,0.71,0.04,1.4955387446799016
11070,Kepler-131 c,Kepler-131,1,1,2,Transit,2014,Kepler,Published Confirmed,0,<a refstr=MARCY_ET_AL__2014 href=https://ui.adsabs.harvard.edu/abs/2014ApJS..210...20M/abstract target=ref> Marcy et al. 2014 </a>,25.5169,,,0.0,,,,,0.84,0.07,-0.07,0.0,0.075,0.006,-0.006,0.0,8.25,5.9,-5.9,0.0,0.026,0.019,-0.019,0.0,Mass,,,,,,,,,,,,,0,<a refstr=MARCY_ET_AL__2014 href=https://ui.adsabs.harvard.edu/abs/2014ApJS..210...20M/abstract target=ref> Marcy et al. 2014 </a>,,5685.0,74.0,-74.0,0.0,1.03,0.1,-0.1,0.0,1.02,0.06,-0.06,0.0,0.12,0.07,-0.07,0.0,[Fe/H],4.417,0.08,-0.08,0.0,<a refstr=STASSUN_ET_AL__2019 href=https://ui.adsabs.harvard.edu/abs/2019AJ....158..138S/abstract target=ref>TICv8</a>,19h14m07.41s,288.5308924,+40d56m32.54s,40.942373,228.678,1.431,-1.413,11.493,0.016,-0.016,10.079,0.017,-0.017,11.4904,0.000254,-0.000254,2014-05-14,2014-02,2014-05-14,76.69511256883706,5.9,0.07,58.10340383972646
19055,Kepler-1972 b,Kepler-1972,1,1,2,Transit,2022,Kepler,Published Confirmed,0,<a refstr=LELEU_ET_AL__2022 href=https://ui.adsabs.harvard.edu/abs/2022arXiv220111459L/abstract target=ref>Leleu et al. 2022</a>,7.54425,0.00054,-0.00054,0.0,,,,,0.802,0.042,-0.041,0.0,0.07154977,0.003747,-0.00365778,0.0,2.02,0.56,-0.62,0.0,0.00635563,0.00176196,-0.00195074,0.0,Mass,0.067,0.071,-0.04,0.0,,,,,,,,,1,<a refstr=LELEU_ET_AL__2022 href=https://ui.adsabs.harvard.edu/abs/2022arXiv220111459L/abstract target=ref>Leleu et al. 2022</a>,,5818.0,27.0,-27.0,0.0,1.384,0.05,-0.05,0.0,1.12,0.03,-0.03,0.0,0.23,0.01,-0.01,0.0,[M/H],4.2,0.04,-0.04,0.0,<a refstr=STASSUN_ET_AL__2019 href=https://ui.adsabs.harvard.edu/abs/2019AJ....158..138S/abstract target=ref>TICv8</a>,19h13m34.87s,288.3953074,+39d52m21.02s,39.8725067,287.339,2.098,-2.068,11.23,0.034,-0.034,9.792,0.017,-0.017,11.1438,0.000483,-0.000483,2023-03-28,2022-01,2023-03-28,21.576443652158396,0.5900000000000001,0.0415,7.136839233612276
19061,Kepler-1972 c,Kepler-1972,1,1,2,Transit,2022,Kepler,Published Confirmed,0,<a refstr=LELEU_ET_AL__2022 href=https://ui.adsabs.harvard.edu/abs/2022arXiv220111459L/abstract target=ref>Leleu et al. 2022</a>,11.3295,0.0011,-0.0011,0.0,,,,,0.868,0.051,-0.05,0.0,0.07743791,0.00454992,-0.00446071,0.0,2.11,0.59,-0.65,0.0,0.0066388,0.00185635,-0.00204513,0.0,Mass,0.043,0.046,-0.028,0.0,,,,,,,,,1,<a refstr=LELEU_ET_AL__2022 href=https://ui.adsabs.harvard.edu/abs/2022arXiv220111459L/abstract target=ref>Leleu et al. 2022</a>,,5818.0,27.0,-27.0,0.0,1.384,0.05,-0.05,0.0,1.12,0.03,-0.03,0.0,0.23,0.01,-0.01,0.0,[M/H],4.2,0.04,-0.04,0.0,<a refstr=STASSUN_ET_AL__2019 href=https://ui.adsabs.harvard.edu/abs/2019AJ....158..138S/abstract target=ref>TICv8</a>,19h13m34.87s,288.3953074,+39d52m21.02s,39.8725067,287.339,2.098,-2.068,11.23,0.034,-0.034,9.792,0.017,-0.017,11.1438,0.000483,-0.000483,2023-03-28,2022-01,2023-03-28,17.777671568682617,0.62,0.0505,6.075834922836856
19355,Kepler-20 b,Kepler-20,1,2,6,Transit,2011,Kepler,Published Confirmed,0,<a refstr=BONOMO_ET_AL__2023 href=https://ui.adsabs.harvard.edu/abs/2023arXiv230405773B/abstract target=ref>Bonomo et al. 2023</a>,3.6961049,1.6e-06,-1.6e-06,0.0,0.04565,0.00089,-0.00089,0.0,1.773,0.053,-0.03,0.0,0.15817674,0.00472835,-0.00267643,0.0,9.7,1.3,-1.3,0.0,0.03051961,0.00409026,-0.00409026,0.0,Mass,0.083,,,1.0,331.0,19.0,-19.0,0.0,1187.0,16.0,-16.0,0.0,0,<a refstr=BONOMO_ET_AL__2023 href=https://ui.adsabs.harvard.edu/abs/2023arXiv230405773B/abstract target=ref>Bonomo et al. 2023</a>,,5495.0,50.0,-50.0,0.0,0.9164,0.0087,-0.0077,0.0,0.929,0.053,-0.053,0.0,0.07,0.08,-0.08,0.0,[Fe/H],,,,,<a refstr=STASSUN_ET_AL__2019 href=https://ui.adsabs.harvard.edu/abs/2019AJ....158..138S/abstract target=ref>TICv8</a>,19h10m47.52s,287.6979913,+42d20m18.88s,42.3385782,282.563,1.776,-1.753,12.61,0.069,-0.069,10.871,0.013,-0.013,12.4535,0.000142,-0.000142,2023-04-17,2023-04,2023-04-17,9.589525675970428,1.3,0.041499999999999995,1.450916779220411
19762,Kepler-21 b,Kepler-21,1,2,1,Transit,2012,Kepler,Published Confirmed,0,<a refstr=BONOMO_ET_AL__2023 href=https://ui.adsabs.harvard.edu/abs/2023arXiv230405773B/abstract target=ref>Bonomo et al. 2023</a>,2.7858212,3.2e-06,-3.2e-06,0.0,0.0434,0.00021,-0.00032,0.0,1.639,0.019,-0.015,0.0,0.14622204,0.00169507,-0.00133821,0.0,7.5,1.3,-1.3,0.0,0.02359764,0.00409026,-0.00409026,0.0,Mass,0.0,,,0.0,2749.0,90.0,-90.0,0.0,2015.0,16.0,-16.0,0.0,0,<a refstr=BONOMO_ET_AL__2023 href=https://ui.adsabs.harvard.edu/abs/2023arXiv230405773B/abstract target=ref>Bonomo et al. 2023</a>,,6305.0,50.0,-50.0,0.0,1.902,0.018,-0.012,0.0,1.408,0.021,-0.03,0.0,-0.03,0.1,-0.1,0.0,[Fe/H],,,,,<a refstr=STASSUN_ET_AL__2019 href=https://ui.adsabs.harvard.edu/abs/2019AJ....158..138S/abstract target=ref>TICv8</a>,19h09m26.87s,287.3619673,+38d42m50.90s,38.7141384,108.522,0.385,-0.382,8.25,0.03,-0.03,6.945,0.018,-0.018,8.12832,0.000459,-0.000459,2023-04-17,2023-04,2023-04-17,9.385901701404013,1.3,0.017,1.652896547963577
23863,Kepler-323 c,Kepler-323,1,1,2,Transit,2014,Kepler,Published Confirmed,0,<a refstr=BONOMO_ET_AL__2023 href=https://ui.adsabs.harvard.edu/abs/2023arXiv230405773B/abstract target=ref>Bonomo et al. 2023</a>,3.5538229,2.2e-06,-2.2e-06,0.0,0.0458,0.0011,-0.0011,0.0,1.57,0.04,-0.04,0.0,0.14006626,0.00356857,-0.00356857,0.0,6.8,3.4,-3.2,0.0,0.02139519,0.0106976,-0.01006833,0.0,Mass,0.095,,,1.0,700.0,56.0,-56.0,0.0,1431.0,27.0,-27.0,0.0,0,<a refstr=BONOMO_ET_AL__2023 href=https://ui.adsabs.harvard.edu/abs/2023arXiv230405773B/abstract target=ref>Bonomo et al. 2023</a>,,6004.0,71.0,-71.0,0.0,1.12,0.02,-0.018,0.0,1.015,0.072,-0.07,0.0,-0.14,0.05,-0.05,0.0,[Fe/H],,,,,<a refstr=STASSUN_ET_AL__2019 href=https://ui.adsabs.harvard.edu/abs/2019AJ....158..138S/abstract target=ref>TICv8</a>,19h25m31.75s,291.3822988,+38d07m38.85s,38.1274595,454.883,6.637,-6.452,12.78,0.092,-0.092,11.354,0.02,-0.02,12.658,0.000201,-0.000201,2023-04-17,2023-04,2023-04-17,9.681921438137952,3.3,0.04,4.756498537766033
26322,Kepler-406 b,Kepler-406,1,1,2,Transit,2014,Kepler,Published Confirmed,0,<a refstr=MARCY_ET_AL__2014 href=https://ui.adsabs.harvard.edu/abs/2014ApJS..210...20M/abstract target=ref> Marcy et al. 2014 </a>,2.42629,,,0.0,,,,,1.43,0.03,-0.03,0.0,0.1276,0.0027,-0.0027,0.0,6.35,1.4,-1.4,0.0,0.02,0.004,-0.004,0.0,Mass,,,,,,,,,,,,,0,<a refstr=MARCY_ET_AL__2014 href=https://ui.adsabs.harvard.edu/abs/2014ApJS..210...20M/abstract target=ref> Marcy et al. 2014 </a>,,5538.0,75.0,-75.0,0.0,1.07,0.02,-0.02,0.0,1.07,0.06,-0.06,0.0,0.18,0.07,-0.07,0.0,[Fe/H],4.409,0.02,-0.02,0.0,<a refstr=STASSUN_ET_AL__2019 href=https://ui.adsabs.harvard.edu/abs/2019AJ....158..138S/abstract target=ref>TICv8</a>,19h27m23.56s,291.8481764,+44d58m05.81s,44.9682807,364.03,3.402,-3.34,12.603,0.046,-0.046,10.97,0.017,-0.017,12.4897,0.000156,-0.000156,2014-05-14,2014-02,2014-05-14,11.96512422000221,1.4,0.03,2.7433598378782857
26337,Kepler-406 c,Kepler-406,1,1,2,Transit,2014,Kepler,Published Confirmed,0,<a refstr=MARCY_ET_AL__2014 href=https://ui.adsabs.harvard.edu/abs/2014ApJS..210...20M/abstract target=ref> Marcy et al. 2014 </a>,4.62332,,,0.0,,,,,0.85,0.03,-0.03,0.0,0.076,0.003,-0.003,0.0,2.71,1.8,-1.8,0.0,0.009,0.006,-0.006,0.0,Mass,,,,,,,,,,,,,0,<a refstr=MARCY_ET_AL__2014 href=https://ui.adsabs.harvard.edu/abs/2014ApJS..210...20M/abstract target=ref> Marcy et al. 2014 </a>,,5538.0,75.0,-75.0,0.0,1.07,0.02,-0.02,0.0,1.07,0.06,-0.06,0.0,0.18,0.07,-0.07,0.0,[Fe/H],4.409,0.02,-0.02,0.0,<a refstr=STASSUN_ET_AL__2019 href=https://ui.adsabs.harvard.edu/abs/2019AJ....158..138S/abstract target=ref>TICv8</a>,19h27m23.56s,291.8481764,+44d58m05.81s,44.9682807,364.03,3.402,-3.34,12.603,0.046,-0.046,10.97,0.017,-0.017,12.4897,0.000156,-0.000156,2014-05-14,2014-02,2014-05-14,24.31443110116019,1.8,0.03,16.35371963492775
26354,Kepler-407 b,Kepler-407,1,1,2,Transit,2014,Kepler,Published Confirmed,0,<a refstr=BRINKMAN_ET_AL__2025 href=https://ui.adsabs.harvard.edu/abs/2025AJ....170..109B/abstract target=ref>Brinkman et al. 2025</a>,0.6693124,6e-07,-6e-07,0.0,,,,,1.19,0.05,-0.05,0.0,0.10616487,0.00446071,-0.00446071,0.0,1.93,0.5,-0.5,0.0,0.00607246,0.00157318,-0.00157318,0.0,Mass,,,,,,,,,,,,,0,<a refstr=BRINKMAN_ET_AL__2025 href=https://ui.adsabs.harvard.edu/abs/2025AJ....170..109B/abstract target=ref>Brinkman et al. 2025</a>,G,5487.0,100.0,-100.0,0.0,1.04,0.05,-0.05,0.0,0.99,0.05,-0.05,0.0,0.35,0.05,-0.05,0.0,[Fe/H],4.3,0.1,-0.1,0.0,<a refstr=STASSUN_ET_AL__2019 href=https://ui.adsabs.harvard.edu/abs/2019AJ....158..138S/abstract target=ref>TICv8</a>,19h04m08.71s,286.0363025,+49d36m52.21s,49.6145027,338.368,2.531,-2.495,12.603,0.103,-0.103,10.911,0.023,-0.023,12.5074,0.000166,-0.000166,2025-08-07,2025-08,2025-08-07,6.310561792685438,0.5,0.05,1.818105644244561
32153,Kepler-80 d,Kepler-80,1,1,6,Transit,2014,Kepler,Published Confirmed,0,<a refstr=MACDONALD_ET_AL__2016 href=https://ui.adsabs.harvard.edu/abs/2016AJ....152..105M/abstract target=ref>MacDonald et al. 2016</a>,3.07222,6e-05,-4e-05,0.0,0.0372,0.0005,-0.0005,0.0,1.53,0.09,-0.07,0.0,0.13649746,0.00802926,-0.00624498,0.0,6.75,0.69,-0.51,0.0,0.02123777,0.00217097,-0.00160463,0.0,Mass,,,,,,,,,,,,,1,<a refstr=MACDONALD_ET_AL__2016 href=https://ui.adsabs.harvard.edu/abs/2016AJ....152..105M/abstract target=ref>MacDonald et al. 2016</a>,K5,4540.0,100.0,-100.0,0.0,0.678,0.023,-0.023,0.0,0.73,0.03,-0.03,0.0,0.04,0.08,-0.08,0.0,[Fe/H],4.639,0.012,-0.012,0.0,<a refstr=STASSUN_ET_AL__2019 href=https://ui.adsabs.harvard.edu/abs/2019AJ....158..138S/abstract target=ref>TICv8</a>,19h44m27.02s,296.1125759,+39d58m43.48s,39.9787451,369.451,2.8945,-2.8945,15.23,0.172,-0.172,12.253,0.02,-0.02,14.7555,0.000492,-0.000492,2016-08-04,2016-10,2016-08-04,10.384392126708429,0.6,0.08,1.8722789851400292
33918,Kepler-93 b,Kepler-93,1,1,2,Transit,2014,Kepler,Published Confirmed,0,<a refstr=BONOMO_ET_AL__2023 href=https://ui.adsabs.harvard.edu/abs/2023arXiv230405773B/abstract target=ref>Bonomo et al. 2023</a>,4.72673978,9.7e-07,-9.7e-07,0.0,0.05343,0.00065,-0.00065,0.0,1.478,0.019,-0.019,0.0,0.13185856,0.00169507,-0.00169507,0.0,4.66,0.53,-0.53,0.0,0.014662,0.00166757,-0.00166757,0.0,Mass,0.0,,,0.0,275.0,18.0,-18.0,0.0,1133.0,17.0,-17.0,0.0,0,<a refstr=BONOMO_ET_AL__2023 href=https://ui.adsabs.harvard.edu/abs/2023arXiv230405773B/abstract target=ref>Bonomo et al. 2023</a>,,5669.0,75.0,-75.0,0.0,0.919,0.011,-0.011,0.0,0.911,0.033,-0.033,0.0,-0.18,0.1,-0.1,0.0,[Fe/H],,,,,<a refstr=STASSUN_ET_AL__2019 href=https://ui.adsabs.harvard.edu/abs/2019AJ....158..138S/abstract target=ref>TICv8</a>,19h25m40.35s,291.4181275,+38d40m20.32s,38.6723124,95.9115,0.2217,-0.2206,9.996,0.004,-0.004,8.37,0.019,-0.019,9.86249,0.000395,-0.000395,2023-04-17,2023-04,2023-04-17,7.952692922699087,0.53,0.019,0.955075345914086
34676,Kepler-99 b,Kepler-99,1,2,1,Transit,2014,Kepler,Published Confirmed,0,<a refstr=MARCY_ET_AL__2014 href=https://ui.adsabs.harvard.edu/abs/2014ApJS..210...20M/abstract target=ref> Marcy et al. 2014 </a>,4.60358,,,0.0,,,,,1.48,0.08,-0.08,0.0,0.132,0.007,-0.007,0.0,6.15,1.3,-1.3,0.0,0.019,0.004,-0.004,0.0,Mass,,,,,,,,,,,,,0,<a refstr=MARCY_ET_AL__2014 href=https://ui.adsabs.harvard.edu/abs/2014ApJS..210...20M/abstract target=ref> Marcy et al. 2014 </a>,,4782.0,129.0,-129.0,0.0,0.73,0.04,-0.04,0.0,0.79,0.06,-0.06,0.0,0.18,0.07,-0.07,0.0,[Fe/H],4.605,0.05,-0.05,0.0,<a refstr=STASSUN_ET_AL__2019 href=https://ui.adsabs.harvard.edu/abs/2019AJ....158..138S/abstract target=ref>TICv8</a>,19h49m24.96s,297.3539994,+41d18m00.16s,41.3000452,208.369,1.042,-1.031,13.206,0.092,-0.092,10.757,0.018,-0.018,12.9618,0.000373,-0.000373,2014-05-14,2014-02,2014-05-14,10.453014875723056,1.3,0.08,2.784879441946972
34840,LHS 1478 b,LHS 1478,1,1,1,Transit,2021,Transiting Exoplanet Survey Satellite (TESS),Published Confirmed,0,<a refstr=SOTO_ET_AL__2021 href=https://ui.adsabs.harvard.edu/abs/2021A&A...649A.144S/abstract target=ref>Soto et al. 2021</a>,1.9495378,4e-06,-4.1e-06,0.0,0.01848,0.00061,-0.00063,0.0,1.242,0.051,-0.049,0.0,0.11080401,0.00454992,-0.00437149,0.0,2.33,0.2,-0.2,0.0,0.007331,0.00062927,-0.00062927,0.0,Mass,,,,,,,,,595.0,10.0,-10.0,0.0,0,<a refstr=SOTO_ET_AL__2021 href=https://ui.adsabs.harvard.edu/abs/2021A&A...649A.144S/abstract target=ref>Soto et al. 2021</a>,m3 V,3381.0,54.0,-54.0,0.0,0.246,0.008,-0.008,0.0,0.236,0.012,-0.012,0.0,-0.13,0.19,-0.19,0.0,[Fe/H],4.87,0.06,-0.06,0.0,<a refstr=STASSUN_ET_AL__2019 href=https://ui.adsabs.harvard.edu/abs/2019AJ....158..138S/abstract target=ref>TICv8</a>,02h57m21.33s,44.3388743,+76d33m05.06s,76.5514045,18.2276,0.011,-0.011,13.304,0.04,-0.04,8.767,0.022,-0.022,12.2598,0.000277,-0.000277,2021-04-23,2021-05,2021-04-23,6.701048054501024,0.2,0.05,0.9928882049005822
34852,LHS 1815 b,LHS 1815,1,1,1,Transit,2020,Transiting Exoplanet Survey Satellite (TESS),Published Confirmed,0,<a refstr=LUQUE__AMP__PALL_EACUTE__2022 href=https://ui.adsabs.harvard.edu/abs/2022Sci...377.1211L/abstract target=ref>Luque &amp; Pall&eacute; 2022</a>,3.814334,8.4e-05,-8.4e-05,0.0,,,,,1.088,0.064,-0.064,0.0,0.09706503,0.00570971,-0.00570971,0.0,1.58,0.64,-0.6,0.0,0.00497124,0.00201367,-0.00188781,0.0,Mass,0.0,,,0.0,,,,,,,,,0,<a refstr=GAN_ET_AL__2020 href=https://ui.adsabs.harvard.edu/abs/2020AJ....159..160G/abstract target=ref>Gan et al. 2020</a>,M1,3643.0,142.0,-142.0,0.0,0.501,0.03,-0.03,0.0,0.502,0.015,-0.015,0.0,-0.12,0.09,-0.09,0.0,[Fe/H],4.77,0.03,-0.03,0.0,<a refstr=STASSUN_ET_AL__2019 href=https://ui.adsabs.harvard.edu/abs/2019AJ....158..138S/abstract target=ref>TICv8</a>,06h04m21.60s,91.0899861,-55d18m41.54s,-55.3115376,29.8424,0.0239,-0.0239,12.167,0.047,-0.047,7.993,0.02,-0.02,11.2362,0.000708,-0.000708,2023-07-10,2022-09,2023-07-10,6.759615602499108,0.62,0.064,2.9083916954644846
35641,TOI-1011 b,TOI-1011,1,1,1,Transit,2025,Transiting Exoplanet Survey Satellite (TESS),Published Confirmed,0,<a refstr=BRINKMAN_ET_AL__2025 href=https://ui.adsabs.harvard.edu/abs/2025AJ....170..109B/abstract target=ref>Brinkman et al. 2025</a>,2.470498,7e-06,-7e-06,0.0,,,,,1.45,0.05,-0.05,0.0,0.12936056,0.00446071,-0.00446071,0.0,4.04,0.59,-0.59,0.0,0.01271126,0.00185635,-0.00185635,0.0,Mass,0.0,,,0.0,,,,,,,,,0,<a refstr=BRINKMAN_ET_AL__2025 href=https://ui.adsabs.harvard.edu/abs/2025AJ....170..109B/abstract target=ref>Brinkman et al. 2025</a>,,5475.0,84.0,-84.0,0.0,0.92,0.03,-0.03,0.0,0.91,0.03,-0.03,0.0,0.03,0.04,-0.04,0.0,[Fe/H],4.5,0.05,-0.05,0.0,<a refstr=STASSUN_ET_AL__2019 href=https://ui.adsabs.harvard.edu/abs/2019AJ....158..138S/abstract target=ref>TICv8</a>,07h35m56.34s,113.9847611,-32d50m31.20s,-32.8419988,52.62,0.0794,-0.0792,8.94,0.03,-0.03,7.109,0.021,-0.021,8.72937,0.000357,-0.000357,2025-08-07,2025-08,2025-08-07,7.301783590963139,0.59,0.05,1.3067767660785183
35654,TOI-1075 b,TOI-1075,1,1,1,Transit,2022,Transiting Exoplanet Survey Satellite (TESS),Published Confirmed,0,<a refstr=ESSACK_ET_AL__2022 href=https://ui.adsabs.harvard.edu/abs/2022arXiv221014901E/abstract target=ref>Essack et al. 2022</a>,0.6047328,3.2e-06,-3.2e-06,0.0,0.01159,0.00023,-0.0002,0.0,1.791,0.116,-0.081,0.0,0.15978259,0.01034884,-0.00722635,0.0,9.95,1.36,-1.3,0.0,0.0313062,0.00427904,-0.00409026,0.0,Mass,0.0,,,0.0,509.2,18.7,-20.4,0.0,1323.0,44.0,-44.0,0.0,0,<a refstr=ESSACK_ET_AL__2022 href=https://ui.adsabs.harvard.edu/abs/2022arXiv221014901E/abstract target=ref>Essack et al. 2022</a>,K9 V/M0 V,3875.0,75.0,-75.0,0.0,0.581,0.024,-0.024,0.0,0.604,0.03,-0.03,0.0,-0.08,0.09,-0.09,0.0,[Fe/H],,,,,<a refstr=STASSUN_ET_AL__2019 href=https://ui.adsabs.harvard.edu/abs/2019AJ....158..138S/abstract target=ref>TICv8</a>,20h39m53.09s,309.9712091,-65d26m58.92s,-65.4496994,61.4592,0.09435,-0.09435,12.615,0.069,-0.069,9.115,0.023,-0.023,12.0544,0.000232,-0.000232,2022-11-07,2022-10,2022-11-07,9.543065881897581,1.33,0.0985,2.026401265102795
35741,TOI-1238 b,TOI-1238,1,1,2,Transit,2022,Transiting Exoplanet Survey Satellite (TESS),Published Confirmed,0,<a refstr=GONZ_AMP_AACUTE_LEZ__AMP_AACUTE_LVAREZ_ET_AL__2022 href=https://ui.adsabs.harvard.edu/abs/2022A&A...658A.138G target=ref>Gonz&aacute;lez-&Aacute;lvarez et al. 2022</a>,0.764597,1.3e-05,-1.1e-05,0.0,0.0139,0.0008,-0.0008,0.0,1.21,0.11,-0.1,0.0,0.10794916,0.00981356,-0.00892142,0.0,3.76,1.15,-1.07,0.0,0.01183028,0.0036183,-0.0033666,0.0,Mass,0.25,,,1.0,442.0,39.0,-35.0,0.0,1133.0,168.0,-168.0,0.0,0,<a refstr=GONZ_AMP_AACUTE_LEZ__AMP_AACUTE_LVAREZ_ET_AL__2022 href=https://ui.adsabs.harvard.edu/abs/2022A&A...658A.138G target=ref>Gonz&aacute;lez-&Aacute;lvarez et al. 2022</a>,K7/M0,4089.0,54.0,-54.0,0.0,0.58,0.02,-0.02,0.0,0.59,0.02,-0.02,0.0,0.31,0.19,-0.19,0.0,[Fe/H],4.63,0.06,-0.06,0.0,<a refstr=STASSUN_ET_AL__2019 href=https://ui.adsabs.harvard.edu/abs/2019AJ....158..138S/abstract target=ref>TICv8</a>,13h25m31.76s,201.3823387,+68d50m09.84s,68.8360678,70.7145,0.12055,-0.12055,12.796,0.049,-0.049,9.184,0.014,-0.014,12.2219,0.000347,-0.000347,2025-07-29,2022-02,2025-07-29,11.694545093282137,1.1099999999999999,0.10500000000000001,4.602997123512073
35848,TOI-1347 b,TOI-1347,1,1,2,Transit,2024,Transiting Exoplanet Survey Satellite (TESS),Published Confirmed,0,<a refstr=RUBENZAHL_ET_AL__2024 href=https://ui.adsabs.harvard.edu/abs/2024arXiv240207451R/abstract target=ref>Rubenzahl et al. 2024</a>,0.84742346,6.1e-07,-6.1e-07,0.0,,,,,1.8,0.1,-0.1,0.0,0.16058552,0.00892142,-0.00892142,0.0,11.1,1.2,-1.2,0.0,0.03492451,0.00377562,-0.00377562,0.0,Mass,0.0,,,0.0,,,,,1400.0,40.0,-40.0,0.0,0,<a refstr=RUBENZAHL_ET_AL__2024 href=https://ui.adsabs.harvard.edu/abs/2024arXiv240207451R/abstract target=ref>Rubenzahl et al. 2024</a>,,5464.0,100.0,-100.0,0.0,0.83,0.03,-0.03,0.0,0.913,0.033,-0.033,0.0,0.04,0.06,-0.06,0.0,[Fe/H],4.64,0.1,-0.1,0.0,<a refstr=STASSUN_ET_AL__2019 href=https://ui.adsabs.harvard.edu/abs/2019AJ....158..138S/abstract target=ref>TICv8</a>,18h41m18.40s,280.3266806,+70d17m24.19s,70.2900536,147.476,1.05,-1.035,11.168,0.013,-0.013,9.616,0.015,-0.015,11.2087,0.00115,-0.00115,2024-03-04,2024-02,2024-03-04,10.48713991769547,1.2,0.1,2.08335793316721
35872,TOI-1411 b,TOI-1411,1,1,1,Transit,2022,Transiting Exoplanet Survey Satellite (TESS),Published Confirmed,0,<a refstr=POLANSKI_ET_AL__2024 href=https://ui.adsabs.harvard.edu/abs/2024ApJS..272...32P/abstract target=ref>Polanski et al. 2024</a>,1.4520527,1.7e-06,-1.7e-06,0.0,0.02122,0.0004,-0.0004,0.0,1.19880592,0.04935874,-0.04474058,0.0,0.10695049,0.0044035,-0.00399149,0.0,2.0,1.2,-1.1,0.0,0.0062927,0.00377562,-0.00346099,0.0,Mass,0.0,,,0.0,,,,,976.4,18.2,-17.55,0.0,0,<a refstr=MACDOUGALL_ET_AL__2023 href=https://ui.adsabs.harvard.edu/abs/2023AJ....166...33M/abstract target=ref>MacDougall et al. 2023</a>,,4115.0,42.0,-45.0,0.0,0.614,0.0185,-0.0169,0.0,0.6045,0.0148,-0.0129,0.0,0.012,0.071,-0.075,0.0,[Fe/H],4.64,0.015,-0.016,0.0,<a refstr=STASSUN_ET_AL__2019 href=https://ui.adsabs.harvard.edu/abs/2019AJ....158..138S/abstract target=ref>TICv8</a>,15h31m47.05s,232.946047,+47d03m19.98s,47.0555507,32.4778,0.0225,-0.0225,10.51,0.03,-0.03,7.25,0.021,-0.021,9.87723,0.000526,-0.000526,2024-07-22,2024-06,2024-07-22,6.396390325210979,1.15,0.04704966,3.7542398649223663
35892,TOI-1444 b,TOI-1444,1,1,1,Transit,2021,Transiting Exoplanet Survey Satellite (TESS),Published Confirmed,0,<a refstr=POLANSKI_ET_AL__2024 href=https://ui.adsabs.harvard.edu/abs/2024ApJS..272...32P/abstract target=ref>Polanski et al. 2024</a>,0.4702743,1.1e-06,-1.1e-06,0.0,0.0116,0.0002,-0.0002,0.0,1.41792246,0.0467336,-0.04107268,0.0,0.12649879,0.0041693,-0.00366426,0.0,3.58,0.76,-0.75,0.0,0.01126394,0.00239123,-0.00235976,0.0,Mass,0.0,,,0.0,,,,,2130.02,33.47,-33.17,0.0,0,<a refstr=MACDOUGALL_ET_AL__2023 href=https://ui.adsabs.harvard.edu/abs/2023AJ....166...33M/abstract target=ref>MacDougall et al. 2023</a>,,5460.0,66.0,-66.0,0.0,0.9105,0.0154,-0.0146,0.0,0.9513,0.0299,-0.0321,0.0,0.146,0.057,-0.059,0.0,[Fe/H],4.496,0.021,-0.024,0.0,<a refstr=STASSUN_ET_AL__2019 href=https://ui.adsabs.harvard.edu/abs/2019AJ....158..138S/abstract target=ref>TICv8</a>,20h21m53.98s,305.4749252,+70d56m37.34s,70.9437054,125.463,0.337,-0.335,10.936,0.009,-0.009,9.061,0.021,-0.021,10.6417,0.000261,-0.000261,2024-07-23,2024-06,2024-07-23,6.9195392959804165,0.755,0.04390314,1.5945685633906288
36419,TOI-286 b,TOI-286,1,1,2,Transit,2024,Transiting Exoplanet Survey Satellite (TESS),Published Confirmed,0,<a refstr=HOBSON_ET_AL__2024 href=https://ui.adsabs.harvard.edu/abs/2024arXiv240606278H/abstract target=ref>Hobson et al. 2024</a>,4.5117244,3.1e-06,-2.7e-06,0.0,0.0503,0.001,-0.001,0.0,1.42,0.1,-0.1,0.0,0.12668413,0.00892142,-0.00892142,0.0,4.53,0.78,-0.78,0.0,0.01425297,0.00245415,-0.00245415,0.0,Mass,0.0,,,0.0,,,,,979.0,31.0,-31.0,0.0,0,<a refstr=HOBSON_ET_AL__2024 href=https://ui.adsabs.harvard.edu/abs/2024arXiv240606278H/abstract target=ref>Hobson et al. 2024</a>,K3 V,5152.0,12.0,-12.0,0.0,0.78,0.036,-0.036,0.0,0.832,0.049,-0.049,0.0,-0.05,0.02,-0.02,0.0,[Fe/H],4.59,0.02,-0.02,0.0,<a refstr=STASSUN_ET_AL__2019 href=https://ui.adsabs.harvard.edu/abs/2019AJ....158..138S/abstract target=ref>TICv8</a>,06h03m56.23s,90.9842762,-60d39m58.81s,-60.6663348,59.2293,0.0748,-0.0745,9.866,0.005,-0.005,7.851,0.033,-0.033,9.65064,0.000274,-0.000274,2024-08-30,2024-06,2024-08-30,8.71735571133606,0.78,0.1,2.375888450511542
36570,TOI-431 b,TOI-431,1,1,3,Transit,2021,Transiting Exoplanet Survey Satellite (TESS),Published Confirmed,0,<a refstr=OSBORN_ET_AL__2021 href=https://ui.adsabs.harvard.edu/abs/2021MNRAS.507.2782O/abstract target=ref>Osborn et al. 2021</a>,0.490047,1e-05,-7e-06,0.0,0.0113,0.0002,-0.0003,0.0,1.28,0.04,-0.04,0.0,0.11419415,0.00356857,-0.00356857,0.0,3.07,0.35,-0.35,0.0,0.0096593,0.00110122,-0.00110122,0.0,Mass,0.0,,,0.0,,,,,1862.0,42.0,-42.0,0.0,1,<a refstr=OSBORN_ET_AL__2021 href=https://ui.adsabs.harvard.edu/abs/2021MNRAS.507.2782O/abstract target=ref>Osborn et al. 2021</a>,,4850.0,75.0,-75.0,0.0,0.731,0.022,-0.022,0.0,0.78,0.07,-0.07,0.0,0.2,0.05,-0.05,0.0,[Fe/H],4.6,0.06,-0.06,0.0,<a refstr=STASSUN_ET_AL__2019 href=https://ui.adsabs.harvard.edu/abs/2019AJ....158..138S/abstract target=ref>TICv8</a>,05h33m04.62s,83.2692502,-26d43m25.93s,-26.7238698,32.5686,0.0312,-0.0311,9.12,0.03,-0.03,6.723,0.021,-0.021,8.79171,0.000543,-0.000543,2021-08-16,2021-10,2021-08-16,8.0660343170166,0.35,0.04,1.1905681931240266
36854,TOI-6255 b,TOI-6255,1,1,1,Transit,2024,Transiting Exoplanet Survey Satellite (TESS),Published Confirmed,0,<a refstr=DAI_ET_AL__2024 href=https://ui.adsabs.harvard.edu/abs/2024AJ....168..101D/abstract target=ref>Dai et al. 2024</a>,0.23818244,1.2e-07,-1.2e-07,0.0,,,,,1.079,0.065,-0.065,0.0,0.0962621,0.00579892,-0.00579892,0.0,1.44,0.14,-0.14,0.0,0.00453075,0.00044049,-0.00044049,0.0,Mass,0.0,,,0.0,,,,,,,,,0,<a refstr=DAI_ET_AL__2024 href=https://ui.adsabs.harvard.edu/abs/2024AJ....168..101D/abstract target=ref>Dai et al. 2024</a>,,3421.0,70.0,-70.0,0.0,0.37,0.011,-0.011,0.0,0.353,0.015,-0.015,0.0,-0.14,0.09,-0.09,0.0,[Fe/H],4.85,0.044,-0.044,0.0,<a refstr=STASSUN_ET_AL__2019 href=https://ui.adsabs.harvard.edu/abs/2019AJ....158..138S/abstract target=ref>TICv8</a>,22h06m00.76s,331.5031606,+39d17m55.78s,39.2988284,20.3167,0.0236,-0.0236,12.747,0.052,-0.052,8.071,0.02,-0.02,11.6345,0.000929,-0.000929,2024-08-16,2024-09,2024-08-16,6.316111045928144,0.14,0.065,1.2961565394704646
38498,Wolf 327 b,Wolf 327,1,1,1,Transit,2024,Transiting Exoplanet Survey Satellite (TESS),Published Confirmed,0,<a refstr=MURGAS_ET_AL__2024 href=https://ui.adsabs.harvard.edu/abs/2024arXiv240112150M/abstract target=ref>Murgas et al. 2024</a>,0.5734745,3e-07,-3e-07,0.0,0.01,0.0004,-0.0004,0.0,1.24,0.06,-0.06,0.0,0.11062558,0.00535285,-0.00535285,0.0,2.53,0.46,-0.46,0.0,0.00796027,0.00144732,-0.00144732,0.0,Mass,0.0,,,0.0,233.9,18.3,-18.3,0.0,996.0,22.0,-22.0,0.0,0,<a refstr=MURGAS_ET_AL__2024 href=https://ui.adsabs.harvard.edu/abs/2024arXiv240112150M/abstract target=ref>Murgas et al. 2024</a>,M2.5 V,3542.0,70.0,-70.0,0.0,0.406,0.015,-0.015,0.0,0.405,0.019,-0.019,0.0,-0.17,0.04,-0.04,0.0,[Fe/H],4.87,0.05,-0.05,0.0,<a refstr=STASSUN_ET_AL__2019 href=https://ui.adsabs.harvard.edu/abs/2019AJ....158..138S/abstract target=ref>TICv8</a>,09h53m30.80s,148.3783199,+35d34m13.97s,35.570548,28.5321,0.0512,-0.0512,13.018,0.062,-0.062,8.435,0.017,-0.017,11.9522,0.000646,-0.000646,2024-02-05,2024-01,2024-02-05,7.311509768050754,0.46,0.06,1.7010797701943552
